{
  "training_info": {
    "total_episodes": 1024,
    "total_time_seconds": 52970.6895198822,
    "total_time_hours": 14.71408042245441,
    "episodes_per_hour": 69.5932039639317,
    "start_time": 1762847480.053685,
    "end_time": 1762900450.7432072
  },
  "final_performance": {
    "last_10_avg_reward": 12684.867491199999,
    "last_50_avg_reward": 15610.570765920002,
    "last_10_recovery_rate": 100.0,
    "last_50_recovery_rate": 98.0,
    "avg_recovery_time_steps": 14.82,
    "avg_recovery_time_seconds": 0.7410000000000001
  },
  "curriculum_progression": {
    "level_0": {
      "level_name": "EASY (0.7-0.9)",
      "reached_at_episode": 1,
      "elapsed_time_hours": 0.01756772134039137
    },
    "level_1": {
      "level_name": "MEDIUM (0.9-1.1)",
      "reached_at_episode": 51,
      "elapsed_time_hours": 0.7533150843116972
    },
    "level_2": {
      "level_name": "HARD (1.1-1.5)",
      "reached_at_episode": 101,
      "elapsed_time_hours": 1.4780648618936538
    }
  },
  "statistics_by_level": {
    "level_0_EASY": {
      "episodes_trained": 50,
      "recovery_rate": 100.0,
      "avg_reward": 17208.6683129,
      "avg_intensity": 0.7865575675251022
    },
    "level_1_MEDIUM": {
      "episodes_trained": 50,
      "recovery_rate": 98.0,
      "avg_reward": 15616.430696760002,
      "avg_intensity": 1.0082030315789643
    },
    "level_2_HARD": {
      "episodes_trained": 924,
      "recovery_rate": 97.72727272727273,
      "avg_reward": 16106.795879536794,
      "avg_intensity": 1.302574696321287
    }
  }
}